6669,03724,122S_06_03_V041_SHP.jpg
6690,03843,"empty OriginalFilename tag"
6689,03789,"empty OriginalFilename tag"
6694,12508,21204_006694_03_A_1110.jpg
6694,12508,21204_006694_03_C_1110.jpg
6691,03897,"empty OriginalFilename tag"
6688,03735,"empty OriginalFilename tag"
6172,34012,132P_07_04_V058.jpg
6172,34012,132P_07_03_V010.jpg
6172,34012,132P_07_02_V046.jpg
6873,23203,131G_02_01_V156_pige.jpg
7325,12456,"131G_04 _01_V041.jpg"
7353,76579,"131G_04 _01_V041.jpg"
7350,76619,"131G_04 _01_V041.jpg"
7378,76586,131G_02_01_V156_pige.jpg
6802,19600,13206_006802_02_A_7006.jpg
6861,28105,131G_02_01_V156_pige.jpg
6850,23154,131G_02_01_V156_pige.jpg
6832,28102,131G_02_01_V156_pige.jpg
7032,30724,"empty OriginalFilename tag"
7032,30724,"empty OriginalFilename tag"
7032,30724,"empty OriginalFilename tag"
7032,30724,"empty OriginalFilename tag"
6793,42509,"131G_04 _01_V041.jpg"
6804,42280,"131G_04 _01_V041.jpg"
6795,23168,"131G_04 _01_V041.jpg"
7053,24790,131G_02_01_V156_pige.jpg
2307,07728,"empty OriginalFilename tag"
7052,76817,131B_09_05_V016.jpg
7087,46531,131B_ALT_49_V020.jpg
7079,46529,131B_ALT_54_V020.jpg
7096,63426,131B_ALT_29_V009.jpg
7095,57202,131B_ALT_34_V012.jpg
7094,69178,131B_ALT_17_V036.jpg
7118,13876,13214_007118_03_A_8005.jpg
7118,13876,132H_35_01_V144.jpg
7119,38179,131B_ALT_18_V017.jpg
7121,49316,131B_ALT_20_V009.jpg
7121,49316,131B_ALT_57_V026.jpg
7137,52660,131B_ALT_35_V033.jpg
7140,64710,131B_ALT_49_V020.jpg
7140,64710,131B_ALT_52_V017.jpg
7140,64709,131B_ALT_49_V020.jpg
7140,64709,131B_ALT_52_V017.jpg
7142,67014,131B_ALT_03_V053.jpg
7167,37066,131B_09_05_V016.jpg
7167,37066,131H_13_04_V026.jpg
7167,37066,131B_ALT_25_V015.jpg
7167,37066,131B_ALT_04_V005.jpg
7166,37069,"empty OriginalFilename tag"
7166,37069,132H_41_03_V003.jpg
7166,37069,132H_40_01_V008.jpg
7166,37067,131B_ALT_16_V020.jpg
7155,46536,131B_FOR_03_V220.jpg
7157,49329,132M_OE_05_V114.jpg
7157,49329,132M_20_03_V054.jpg
7157,49329,"empty OriginalFilename tag"
7157,49329,"empty OriginalFilename tag"
7157,49329,132H_35_03_V082.jpg
7157,49329,132H_28_01_V040.jpg
7157,49329,132M_02_01_V023.jpg
7157,49329,132M_18_03_V051.jpg
7157,49330,"empty OriginalFilename tag"
7157,49330,"empty OriginalFilename tag"
7157,49330,132B_ALT_02_V010.jpg
7157,49213,"empty OriginalFilename tag"
7157,49213,"empty OriginalFilename tag"
7157,49213,"empty OriginalFilename tag"
7157,49213,"empty OriginalFilename tag"
7157,49213,"empty OriginalFilename tag"
7157,49213,132H_33_01_V049.jpg
7157,49213,132H_33_02_V072.jpg
7157,49213,132H_17_01_V097.jpg
7157,49213,132H_20_02_V044.jpg
7157,49213,132M_21_01_V079.jpg
7157,49213,132M_21_04_V052.jpg
7157,49213,132M_21_03_V058.jpg
7157,49213,132M_29_02_V046.jpg
7157,49213,132M_02_02_V013.jpg
7157,49213,132M_04_04_V091.jpg
7157,49213,132M_24_01_V043.jpg
7157,49213,132M_17_04_V048.jpg
7157,49213,132M_15_02_V126.jpg
7157,49335,132H_40_01_V008.jpg
7157,49211,"empty OriginalFilename tag"
7157,49211,131B_ALT_16_V020.jpg
7157,49211,131B_ALT_17_V036.jpg
7157,49215,131B_ALT_34_V012.jpg
7157,49215,131B_ALT_54_V020.jpg
7157,49217,131B_ALT_10_V001.jpg
7157,49336,"empty OriginalFilename tag"
7157,49332,"empty OriginalFilename tag"
7157,49333,"empty OriginalFilename tag"
7157,49333,132M_24_02_V063.jpg
7157,49219,132M_20_01_V052.jpg
6919,52657,131B_09_05_V016.jpg
6917,58227,131B_ALT_32_V019.jpg
6915,43052,131H_13_04_V026.jpg
6923,43055,BASIC_006923_03_A_8004.jpg
6929,26172,131B_ALT_12_V008.jpg
6936,67013,131B_ALT_24_V037.jpg
6936,67013,131B_ALT_26_V013.jpg
6936,67013,131B_28_04_V014.jpg
6936,67012,131B_ALT_24_V037.jpg
6936,67012,131B_ALT_26_V013.jpg
6936,67012,131B_28_04_V014.jpg
6949,58228,131B_ALT_30_V027.jpg
6949,58228,131B_ALT_33_V025.jpg
6948,46528,131B_ALT_07_V038.jpg
6951,25201,13102_006951_02_C_8101.jpg
6955,25204,131B_ALT_36_V039.jpg
6952,25202,131B_ALT_44_V007.jpg
6954,25124,13102_006954_02_C_1001.jpg
6962,27126,131B_ALT_43_V007.jpg
6973,30810,131B_ALT_44_V007.jpg
6975,30804,131B_ALT_36_V039.jpg
6975,30804,131B_ALT_37_V024.jpg
6975,30804,131B_ALT_38_V007.jpg
6975,30804,131B_ALT_40_V004.jpg
6971,28093,131B_ALT_39_V015.jpg
6978,30811,131B_ALT_39_V015.jpg
6978,30811,131B_ALT_42_V043.jpg
6976,30854,131B_ALT_41_V014.jpg
6982,25125,131B_ALT_44_V007.jpg
6981,20482,131B_ALT_38_V007.jpg
6981,20483,131B_ALT_36_V039.jpg
6981,20483,131B_ALT_42_V043.jpg
6985,30765,131B_ALT_46_V002.jpg
6993,30813,131B_ALT_37_V024.jpg
7000,28127,131B_ALT_42_V043.jpg
7001,28128,131B_ALT_41_V014.jpg
7007,26173,132H_02_01_V010.jpg
7007,26173,"empty OriginalFilename tag"
7007,26173,"empty OriginalFilename tag"
7007,26173,131B_ALT_52_V017.jpg
7007,26173,132H_03_04_V088.jpg
7007,26173,132H_14_02_V072.jpg
7007,26173,132H_14_03_V013.jpg
7007,26173,132M_OE_04_V043.jpg
7004,49314,131B_ALT_35_V033.jpg
7008,47112,"empty OriginalFilename tag"
7008,47112,"empty OriginalFilename tag"
7008,47112,"empty OriginalFilename tag"
7008,47112,"empty OriginalFilename tag"
7008,47112,132H_41_02_V025.jpg
7008,47112,132H_41_04_V017.jpg
7008,47112,132H_40_01_V008.jpg
7008,47112,132H_40_05_V058.jpg
6788,57194,BASIC_006788_03_A_8004.jpg
6788,57197,BASIC_006788_03_A_3000.jpg
6791,64677,131B_28_04_V014.jpg
6879,57200,BASIC_006879_03_A_4090.jpg
6907,52652,131B_ALT_10_V001.jpg
6907,52652,131B_ALT_47_V037.jpg
6902,52651,131B_ALT_50_V046.jpg
6894,49312,131B_ALT_06_V018.jpg
6895,52650,131B_ALT_09_V008.jpg
6892,69174,131B_ALT_47_V037.jpg
6750,52647,131B_ALT_04_V005.jpg
6751,63415,131B_ALT_20_V009.jpg
6751,63414,131B_ALT_52_V017.jpg
6776,52649,131B_ALT_06_V018.jpg
6753,63416,131B_ALT_26_V013.jpg
6762,63420,BASIC_006762_03_A_5019.jpg
6762,63421,BASIC_006762_03_A_9000.jpg
6762,63421,131B_ALT_26_V013.jpg
6762,63418,BASIC_006762_03_A_4000.jpg
6762,63419,BASIC_006762_03_A_4024.jpg
6762,63419,131B_ALT_25_V015.jpg
6766,38177,131B_ALT_50_V046.jpg
7584,13589,"empty OriginalFilename tag"
7594,51994,13114_007594_03_A_0002.jpg
7610,06683,"empty OriginalFilename tag"
7583,13583,"empty OriginalFilename tag"
7516,76538,131B_ALT_07_V038.jpg
7516,76538,131B_ALT_12_V008.jpg
7467,52016,131H_ALT_34_V101.jpg
7468,47036,131H_ALT_38_V012.jpg
7456,25046,131H_ALT_06_V040.jpg
7472,29416,131H_ALT_38_V012.jpg
7448,78071,131H_ALT_06_V040.jpg
7441,52172,13114_007441_03_A_3014.jpg
7444,32506,131H_ALT_28_V035.jpg
7411,76807,131B_28_04_V014.jpg
7411,76807,131H_14_01_V044.jpg
7409,76808,131B_ALT_25_V015.jpg
7410,76822,131B_ALT_36_V039.jpg
7410,76822,131B_ALT_37_V024.jpg
7418,06832,121S_RS_05_01_V053.jpg
7406,76762,131B_ALT_32_V019.jpg
7404,76758,131B_ALT_10_V001.jpg
7401,76764,131B_ALT_20_V009.jpg
7401,76764,131B_FOR_03_V220.jpg
7401,76764,131B_28_04_V014.jpg
7382,44391,131H_ALT_28_V035.jpg
7367,76540,131B_ALT_49_V020.jpg
7348,76778,131B_ALT_09_V008.jpg
7348,76778,131B_ALT_47_V037.jpg
7348,76765,131B_09_05_V016.jpg
7348,76765,131B_ALT_10_V001.jpg
7333,29408,131H_ALT_13_V033.jpg
7343,20707,131H_14_01_V044.jpg
7313,75342,131B_ALT_07_V038.jpg
7313,75342,131B_ALT_10_V001.jpg
7313,75342,131B_ALT_12_V008.jpg
7313,75342,131B_ALT_16_V020.jpg
7313,75168,131B_ALT_06_V018.jpg
7313,75168,131B_ALT_17_V036.jpg
7313,75168,131B_FOR_03_V220.jpg
7315,75522,131B_ALT_20_V009.jpg
7315,75522,131B_ALT_57_V026.jpg
7317,75828,13102_007317_10_A_.jpg
7317,75828,131B_ALT_04_V005.jpg
7317,75828,131H_ALT_13_V033.jpg
7314,74886,13102_007314_10_A_.jpg
7314,74886,131H_ALT_34_V101.jpg
7316,75860,13102_007316_10_A_.jpg
7316,75860,131B_ALT_09_V008.jpg
7316,75860,131B_ALT_26_V013.jpg
7316,75860,131B_ALT_47_V037.jpg
7316,75870,131H_ALT_06_V040.jpg
7318,75230,13102_007318_10_A_.jpg
7321,74865,13102_007321_10_A_.jpg
7321,74865,131B_ALT_24_V037.jpg
7321,74865,131B_ALT_49_V020.jpg
7321,74865,131H_14_01_V044.jpg
7320,74930,13102_007320_10_A_.jpg
7323,75110,13102_007323_10_A_.jpg
7296,76773,131B_ALT_10_V001.jpg
7296,76773,131B_ALT_12_V008.jpg
7296,76773,131H_ALT_28_V035.jpg
7296,76773,131B_ALT_04_V005.jpg
7296,76773,131B_ALT_35_V033.jpg
7297,76771,131H_13_04_V026.jpg
7297,76771,131H_ALT_13_V033.jpg
7297,76771,131H_ALT_28_V035.jpg
7297,76771,131H_ALT_34_V101.jpg
7297,76771,131B_ALT_03_V053.jpg
7297,76771,131B_ALT_07_V038.jpg
7297,76771,131B_ALT_12_V008.jpg
7297,76771,131B_ALT_33_V025.jpg
7297,76771,131H_ALT_38_V012.jpg
7300,76752,131H_ALT_06_V040.jpg
7300,76752,131B_09_05_V016.jpg
7305,76761,131B_ALT_54_V020.jpg
7306,76754,131B_ALT_09_V008.jpg
7294,76775,131B_ALT_26_V013.jpg
7295,76774,131B_ALT_03_V053.jpg
7295,76774,131B_ALT_06_V018.jpg
7295,76774,131B_ALT_34_V012.jpg
7295,76774,131B_ALT_54_V020.jpg
7295,76774,131B_09_05_V016.jpg
7292,00459,131S_21_09_V035.jpg
7293,76751,131B_ALT_24_V037.jpg
7293,76751,131H_ALT_06_V040.jpg
7291,00453,131S_21_08_V010.jpg
7288,00436,131S_21_07_V019.jpg
7289,00442,131S_21_06_V037.jpg
7287,47114,131B_ALT_07_V038.jpg
7283,69195,BASIC_007283_03_A_8003.jpg
7276,76811,131B_ALT_33_V025.jpg
7267,76721,132H_05_02_V057.jpg
7267,76721,13214_007267_09_A_9053.jpg
7260,28482,131B_ALT_38_V007.jpg
7262,76624,131B_ALT_50_V046.jpg
7256,57212,BASIC_007256_03_A_0001.jpg
7259,28486,132H_04_03_V066.jpg
7259,28486,"empty OriginalFilename tag"
7259,28486,"empty OriginalFilename tag"
7259,28486,"empty OriginalFilename tag"
7259,28486,132H_07_03_V050.jpg
7259,32298,132H_09_02_V037.jpg
7259,32296,"empty OriginalFilename tag"
7259,32297,132B_57_01_V038.jpg
7254,57210,BASIC_007254_03_A_2031.jpg
7254,57206,BASIC_007254_03_A_0001.jpg
7254,57208,BASIC_007254_03_A_8004.jpg
7254,57207,BASIC_007254_03_A_2033.jpg
7255,58235,BASIC_007255_03_A_1002.jpg
7249,76694,131H_ALT_34_V101.jpg
7248,76588,"empty OriginalFilename tag"
7251,26179,BASIC_007251_03_A_2010.jpg
7251,26181,131B_ALT_32_V019.jpg
7251,26177,BASIC_007251_03_A_0001.jpg
7250,76539,131H_ALT_28_V035.jpg
7250,76539,131B_ALT_47_V037.jpg
7247,76797,131B_ALT_17_V036.jpg
7247,76797,131B_ALT_25_V015.jpg
7247,76797,131B_ALT_31_V002.jpg
7247,76797,131B_ALT_34_V012.jpg
7247,76797,131B_ALT_50_V046.jpg
7247,76797,131B_ALT_52_V017.jpg
7247,76798,131B_ALT_32_V019.jpg
7247,76798,131B_ALT_35_V033.jpg
7247,76798,131B_ALT_37_V024.jpg
7247,76798,131B_ALT_38_V007.jpg
7247,76798,131B_ALT_40_V004.jpg
7240,76827,13116_007240_09_A_2424.jpg
7243,76542,131H_14_01_V044.jpg
7243,76541,131B_ALT_03_V053.jpg
7231,76615,"empty OriginalFilename tag"
7231,76615,132H_07_03_V056.jpg
7231,76615,132H_15_02_V177.jpg
7231,76615,132H_23_03_V046.jpg
7231,76799,"empty OriginalFilename tag"
7228,76648,131B_ALT_18_V017.jpg
7229,76614,13102_007229_08_A_9000.jpg
7210,58231,131B_ALT_17_V036.jpg
7209,78235,131B_ALT_24_V037.jpg
7209,78235,131B_ALT_49_V020.jpg
7208,78215,131B_ALT_18_V017.jpg
7204,49319,131B_ALT_09_V008.jpg
7204,49318,131B_ALT_09_V008.jpg
7192,69186,131B_ALT_16_V020.jpg
7193,69187,131B_ALT_30_V027.jpg
7195,55492,131B_ALT_54_V020.jpg
7185,63428,131H_ALT_06_V040.jpg
7181,60168,131B_ALT_24_V037.jpg
7172,58230,131B_ALT_47_V037.jpg
7830,76804,131B_ALT_26_V013.jpg
7830,76804,131B_ALT_30_V027.jpg
7837,76878,131B_ALT_31_V002.jpg
7837,76878,131B_ALT_32_V019.jpg
7837,76878,131B_ALT_34_V012.jpg
7837,76878,131B_ALT_35_V033.jpg
7837,76878,131B_ALT_36_V039.jpg
7836,76877,131H_ALT_28_V035.jpg
7836,76877,131B_ALT_49_V020.jpg
7835,76809,131B_ALT_18_V017.jpg
7752,43608,13112_007752_03_A_0054.jpg
7728,64716,131B_ALT_50_V046.jpg
7729,64717,131B_ALT_34_V012.jpg
7729,64717,131B_ALT_35_V033.jpg
7849,43062,131B_ALT_10_V001.jpg
7852,75054,131H_ALT_28_V035.jpg
7870,76590,132H_05_01_V047.jpg
7870,76590,"empty OriginalFilename tag"
7870,76590,"empty OriginalFilename tag"
7870,76590,131B_ALT_43_V007.jpg
7870,76590,132H_OE_05_V054.jpg
7870,76590,132H_06_01_V019.jpg
7870,76590,132H_06_02_V111.jpg
7870,76590,132H_07_01_V046.jpg
7870,76590,132H_07_04_V127.jpg
7870,76590,132H_08_01_V037.jpg
7870,76590,132H_08_04_V130.jpg
7870,76590,132H_10_04_V051_P.jpg
7870,76590,132H_10_04_V051.jpg
7870,76590,132B_54_05_V044.jpg
7870,76590,132H_02_04_V089.jpg
7871,76760,131H_ALT_13_V033.jpg
7850,20458,132M_16_01_V050.jpg
6322,76488,132M_24_02_V063.jpg
6322,76488,"empty OriginalFilename tag"
6322,76488,"empty OriginalFilename tag"
6322,76488,132H_ACC_01_V027.jpg
6322,76488,132H_22_02_V063.jpg
6322,76488,132H_22_01_V062.jpg
6322,76488,132H_29_01_V005.jpg
6322,76488,132M_13_01_V108.jpg
8084,36685,"empty OriginalFilename tag"
8084,36685,132H_10_01_V008.jpg
8084,36685,132H_04_03_V066.jpg
8084,36685,132H_04_02_V060.jpg
8087,36688,"empty OriginalFilename tag"
8087,36688,132H_03_04_V066.jpg
8088,36689,"empty OriginalFilename tag"
8088,25513,13214_008088_01_A_4001.jpg
8088,25513,132H_08_04_V130.jpg
8088,21965,13214_008088_01_A_4038.jpg
8088,21965,132H_01_04_V090.jpg
8090,36691,132H_02_03_V037.jpg
8090,36691,132H_09_03_V018.jpg
8090,36691,"empty OriginalFilename tag"
8090,36691,132H_OE_05_V054.jpg
8090,36692,"empty OriginalFilename tag"
8093,36693,132H_01_03_V055.jpg
8097,36649,132H_03_01_V056.jpg
8097,27121,13214_008097_01_A_2088.jpg
8097,27121,132H_06_03_V055.jpg
8096,56280,"empty OriginalFilename tag"
8096,22090,13214_008096_01_A_4006.jpg
8096,22090,132H_02_02_V044.jpg
8098,36650,132B_55_04_V033.jpg
8104,56283,"empty OriginalFilename tag"
8104,56283,"empty OriginalFilename tag"
8104,56283,"empty OriginalFilename tag"
8104,56283,132H_04_02_V060.jpg
8106,56127,132H_01_03_V055.jpg
8107,54818,"empty OriginalFilename tag"
8107,54818,132H_10_04_V051_P.jpg
8107,54818,132H_10_04_V051.jpg
8108,56128,"empty OriginalFilename tag"
8108,56128,"empty OriginalFilename tag"
8108,56128,"empty OriginalFilename tag"
8110,56129,132B_ALT_26_V037.jpg
8111,50963,132H_09_03_V018.jpg
8111,50963,"empty OriginalFilename tag"
8111,50963,132H_09_05_V062.jpg
8116,54819,132H_03_04_V066.jpg
8114,28218,13214_008114_01_A_4141.jpg
8114,28218,132H_08_01_V037.jpg
8117,56132,132H_02_03_V037.jpg
8117,56132,"empty OriginalFilename tag"
8117,56132,"empty OriginalFilename tag"
8117,56132,132H_02_04_V015.jpg
8117,56132,132H_02_04_V089.jpg
8118,54820,"empty OriginalFilename tag"
8118,54820,132B_54_05_V044.jpg
8120,30370,13214_008120_01_A_2088.jpg
8120,30370,132H_OE_05_V054.jpg
8120,30370,132H_06_01_V019.jpg
8120,30370,132H_06_02_V111.jpg
8120,23080,13214_008120_01_A_4084.jpg
8120,23080,132H_05_01_V047.jpg
8120,23080,132H_05_04_V021.jpg
8120,23080,132H_OE_04_V158.jpg
8122,54821,"empty OriginalFilename tag"
8122,54821,"empty OriginalFilename tag"
8122,54821,"empty OriginalFilename tag"
8122,30371,13214_008122_01_A_4102.jpg
8122,30371,132H_07_01_V046.jpg
8122,30371,132H_07_04_V127.jpg
8125,78306,"empty OriginalFilename tag"
8125,78306,132H_10_01_V008.jpg
8124,50964,"empty OriginalFilename tag"
8132,51128,132H_06_02_V111.jpg
8134,78319,132H_07_04_V127.jpg
8134,78319,132H_08_04_V130.jpg
8134,78319,"empty OriginalFilename tag"
8136,51190,132H_04_03_V066.jpg
8136,51190,132H_09_01_V046.jpg
8136,51190,132H_09_03_V018.jpg
8136,51190,"empty OriginalFilename tag"
8136,51190,"empty OriginalFilename tag"
8136,51190,"empty OriginalFilename tag"
8136,51190,"empty OriginalFilename tag"
8136,51190,132H_09_04_V036.jpg
8136,51190,132H_09_05_V062.jpg
8136,51190,132B_ALT_26_V037.jpg
8136,51190,132H_OE_04_V158.jpg
8136,51190,132H_04_02_V060.jpg
8136,51190,132H_01_03_V055.jpg
8083,36868,132H_09_01_V046.jpg
8083,36867,"empty OriginalFilename tag"
8085,36686,"empty OriginalFilename tag"
8085,36686,132H_OE_04_V158.jpg
8094,27120,13214_008094_01_A_5095.jpg
8094,27120,132H_08_02_V022.jpg
8103,56282,132B_ALT_25_V036.jpg
8103,56282,"empty OriginalFilename tag"
8103,56282,132H_09_04_V036.jpg
8126,54822,"empty OriginalFilename tag"
8126,54822,132H_03_01_V056.jpg
8126,54822,132H_01_03_V055.jpg
8127,51127,132B_ALT_25_V036.jpg
8127,51127,132H_09_01_V046.jpg
8127,51127,"empty OriginalFilename tag"
8137,36872,132B_ALT_25_V036.jpg
8137,36872,"empty OriginalFilename tag"
8137,36871,"empty OriginalFilename tag"
8137,36871,"empty OriginalFilename tag"
8137,36871,132H_10_01_V008.jpg
8137,36870,"empty OriginalFilename tag"
8137,36869,132H_02_03_V037.jpg
8137,36869,"empty OriginalFilename tag"
8137,36869,132H_02_04_V089.jpg
8154,37213,"empty OriginalFilename tag"
8154,37212,132B_ALT_02_V010.jpg
7924,51122,132P_11_01_V100.jpg
7924,51122,"empty OriginalFilename tag"
7924,51122,132P_11_02_V018.jpg
8175,59116,"empty OriginalFilename tag"
8190,31829,"empty OriginalFilename tag"
8190,31829,"empty OriginalFilename tag"
8212,22595,132H_34_01_V008.jpg
8212,22595,13214_008212_03_A_2004.jpg
7959,57798,"empty OriginalFilename tag"
8209,60523,"empty OriginalFilename tag"
8191,41012,"empty OriginalFilename tag"
8191,41012,132M_28_01_V066.jpg
8191,40145,13212_008191_03_A_9000.jpg
8191,40145,132M_16_02_V050.jpg
7942,59409,"empty OriginalFilename tag"
7900,55634,"empty OriginalFilename tag"
8218,78241,"empty OriginalFilename tag"
8218,78241,"empty OriginalFilename tag"
8218,78241,132H_21_03_V092.jpg
8218,78241,132M_12_04_V053.jpg
8218,78241,132M_OE_02_V050.jpg
8144,30526,132H_08_01_V072.jpg
8144,30526,13214_008144_03_A_6002.jpg
7978,55635,"empty OriginalFilename tag"
7978,55635,132M_20_02_V014.jpg
8220,51124,132P_08_02_V006.jpg
7963,37211,"empty OriginalFilename tag"
7963,37209,132P_11_03_V029.jpg
7963,37209,132P_08_04_V043.jpg
7963,37209,"empty OriginalFilename tag"
7963,37209,"empty OriginalFilename tag"
8242,57799,"empty OriginalFilename tag"
7927,41007,"empty OriginalFilename tag"
8243,50854,"empty OriginalFilename tag"
8243,50854,"empty OriginalFilename tag"
8243,50854,"empty OriginalFilename tag"
8243,50854,132B_55_04_V033.jpg
8243,50854,"empty OriginalFilename tag"
8243,50854,132H_06_02_V111.jpg
8243,50854,132H_07_01_V046.jpg
8243,23136,13214_008243_01_A_5007.jpg
8243,23136,13214_008243_04_A_5007.jpg
8243,23136,132H_03_04_V066.jpg
8210,37216,"empty OriginalFilename tag"
8210,37217,"empty OriginalFilename tag"
8210,37217,132H_24_04_V056.jpg
8208,41018,"empty OriginalFilename tag"
8208,41018,"empty OriginalFilename tag"
8208,41017,"empty OriginalFilename tag"
8208,41017,"empty OriginalFilename tag"
7915,51121,"empty OriginalFilename tag"
7915,51120,"empty OriginalFilename tag"
8207,70352,"empty OriginalFilename tag"
8207,70352,"empty OriginalFilename tag"
8207,70352,132B_ALT_10_V014.jpg
8180,37215,"empty OriginalFilename tag"
8216,37218,"empty OriginalFilename tag"
8238,55640,132B_ALT_15_V008.jpg
8238,55640,"empty OriginalFilename tag"
8238,55640,"empty OriginalFilename tag"
8238,55640,132M_09_02_V047.jpg
7917,57607,"empty OriginalFilename tag"
7917,57607,"empty OriginalFilename tag"
7934,59408,"empty OriginalFilename tag"
7934,59408,"empty OriginalFilename tag"
8221,59415,"empty OriginalFilename tag"
8224,78149,"empty OriginalFilename tag"
8224,78149,132H_14_02_V072.jpg
8214,70353,"empty OriginalFilename tag"
8249,66310,"empty OriginalFilename tag"
7922,41004,"empty OriginalFilename tag"
8222,41019,"empty OriginalFilename tag"
8222,41019,132B_ALT_10_V014.jpg
7926,41006,"empty OriginalFilename tag"
7933,41008,"empty OriginalFilename tag"
8236,37221,132H_04_02_V047.jpg
8236,37222,"empty OriginalFilename tag"
8236,37220,"empty OriginalFilename tag"
8236,37220,132H_06_02_V056.jpg
8236,37220,132M_14_02_V088.jpg
7944,59410,"empty OriginalFilename tag"
7944,59410,132M_OE_02_V050.jpg
7944,59410,132M_15_01_V044.jpg
7946,59412,"empty OriginalFilename tag"
7946,59412,132M_02_03_V057.jpg
8276,41021,"empty OriginalFilename tag"
7949,20489,"empty OriginalFilename tag"
7949,20489,132M_13_01_V108.jpg
7948,20487,"empty OriginalFilename tag"
7950,20490,"empty OriginalFilename tag"
7950,20490,"empty OriginalFilename tag"
7950,20490,"empty OriginalFilename tag"
7950,20490,"empty OriginalFilename tag"
7950,20490,"empty OriginalFilename tag"
7950,20490,"empty OriginalFilename tag"
7950,20490,132H_09_03_V005.jpg
7950,20490,132H_11_03_V065.jpg
7950,20490,132H_18_02_V096.jpg
7950,20490,132W_05_V053.jpg
7950,20490,132H_25_01_V042.jpg
7950,20490,132H_07_01_V005.jpg
7950,20490,132H_07_03_V056.jpg
7950,20490,132M_08_03_V043.jpg
7950,20490,132H_16_04_V002.jpg
7950,20490,132H_33_01_V049.jpg
7950,20490,132H_ACC_01_V027.jpg
7950,20490,132H_22_02_V063.jpg
7950,20490,132H_22_03_V017.jpg
7950,20490,132H_22_01_V062.jpg
7950,20490,132H_39_01_V035.jpg
7950,20490,132H_28_01_V040.jpg
7950,20490,132M_02_01_V023.jpg
7950,20490,132M_02_03_V057.jpg
7950,20490,132M_OE_05_V114.jpg
7950,20490,132M_18_02_V036.jpg
7950,20490,132M_18_03_V051.jpg
7950,20490,132M_18_04_V054.jpg
7950,20490,132M_23_02_V070.jpg
7950,20490,132M_23_03_V048.jpg
7950,20490,132M_17_02_V061.jpg
7950,20490,132M_16_01_V050.jpg
7950,20499,132M_11_02_V036.jpg
7950,20499,132M_11_03_V018.jpg
7950,20499,132M_01_01_V082.jpg
7950,20499,132M_06_01_V034.jpg
7950,20499,132M_20_03_V054.jpg
7950,20499,132M_20_01_V052.jpg
7950,20499,132M_01_03_V091.jpg
7950,20499,132M_29_02_V046.jpg
7950,20499,132M_29_01_V098.jpg
7950,20499,132M_24_02_V063.jpg
7950,20499,132B_ALT_10_V014.jpg
7950,20499,132M_17_01_V047.jpg
7950,20499,132M_BAG_V017.jpg
7950,20491,"empty OriginalFilename tag"
7950,20498,"empty OriginalFilename tag"
7950,20498,"empty OriginalFilename tag"
7950,20498,"empty OriginalFilename tag"
7950,20498,"empty OriginalFilename tag"
7950,20498,"empty OriginalFilename tag"
7950,20498,"empty OriginalFilename tag"
7950,20498,132H_38_02_V016.jpg
7950,20498,132M_17_03_V037.jpg
7950,20498,132M_OE_02_V050.jpg
8287,76712,132M_02_02_V013.jpg
8287,76712,132H_27_01_V181.jpg
8287,76712,132H_37_01_V048.jpg
8287,76712,132H_17_04_V095.jpg
8287,76712,132H_ACC_03_V002.jpg
8287,76712,132H_ACC_04_V066.jpg
8287,76712,132H_32_04_V008.jpg
8287,76712,132H_12_02_V006.jpg
8287,76712,132H_27_03_V065.jpg
8287,76712,132M_02_04_V009.jpg
7953,20492,"empty OriginalFilename tag"
7953,20492,"empty OriginalFilename tag"
7954,20493,"empty OriginalFilename tag"
7954,20493,"empty OriginalFilename tag"
7954,20493,132H_08_01_V072.jpg
7954,20493,"empty OriginalFilename tag"
7954,20493,"empty OriginalFilename tag"
7954,20493,"empty OriginalFilename tag"
7954,20493,"empty OriginalFilename tag"
7954,20493,"empty OriginalFilename tag"
7954,20493,132H_03_01_V088.jpg
7954,20493,132H_08_04_V060.jpg
7954,20493,132H_23_03_V046.jpg
7954,20493,132H_08_02_V040.jpg
7954,20493,132M_03_01_V106.jpg
7954,20493,132M_03_02_V031.jpg
8288,76869,132H_15_03_V011.jpg
8288,76869,"empty OriginalFilename tag"
8288,76869,132H_31_03_V045.jpg
8288,76869,132H_32_02_V129.jpg
8288,76869,132H_35_01_V144.jpg
8288,76869,132H_34_02_V002.jpg
8288,76869,132M_01_04_V083.jpg
8289,76872,132M_16_01_V050.jpg
8289,76872,132M_OE_08_V061.jpg
8289,76872,132H_23_02_V069.jpg
8289,76872,13202_008289_08_C_9000.jpg
8289,76872,"empty OriginalFilename tag"
8289,76872,"empty OriginalFilename tag"
8289,76872,"empty OriginalFilename tag"
8289,76872,"empty OriginalFilename tag"
8289,76872,"empty OriginalFilename tag"
8289,76872,"empty OriginalFilename tag"
8289,76872,132H_OE_03_V175.jpg
8289,76872,132H_06_04_V010.jpg
8289,76872,132H_18_02_V096.jpg
8289,76872,132H_ACC_01_V027.jpg
8289,76872,132H_24_02_V019.jpg
8289,76872,132H_24_03_V055.jpg
8289,76872,132H_12_04_V030.jpg
8289,76872,132H_28_04_V087.jpg
8289,76872,132M_13_03_V012.jpg
8289,76872,132M_13_01_V108.jpg
8289,76872,132M_23_02_V070.jpg
8289,76872,132M_24_01_V043.jpg
8289,76872,132B_ALT_10_V014.jpg
8289,76872,132M_25_01_V118.jpg
8289,76873,132M_23_01_V052.jpg
8289,76873,"empty OriginalFilename tag"
8289,76873,"empty OriginalFilename tag"
8289,76873,"empty OriginalFilename tag"
8289,76873,"empty OriginalFilename tag"
8289,76873,132H_25_01_V042.jpg
8289,76873,132H_24_04_V056.jpg
8289,76873,132M_22_01_V049.jpg
8289,76873,132M_18_03_V051.jpg
8323,76710,132P_06_01_V050.jpg
8323,76710,132H_28_04_V087.jpg
8323,76710,132H_28_02_V019.jpg
8323,76710,132P_03_02_V002.jpg
8323,76710,132H_27_02_V097.jpg
8323,76710,132H_25_03_V027.jpg
8323,76710,132M_13_02_V052.jpg
8323,76710,132M_12_01_V192.jpg
8323,76710,132M_12_02_V018.jpg
8323,76710,132M_08_02_V011.jpg
8323,76710,132M_07_02_V031.jpg
8323,76710,132H_30_03_V128.jpg
8323,76710,132B_02_01_V035.jpg
8323,76710,132H_37_02_V044.jpg
8323,76710,132H_33_04_V102.jpg
8323,76710,132H_22_03_V017.jpg
8323,76710,"empty OriginalFilename tag"
8323,76710,"empty OriginalFilename tag"
8323,76710,"empty OriginalFilename tag"
8323,76710,"empty OriginalFilename tag"
8323,76710,132M_12_03_V079.jpg
8323,76710,132M_12_04_V053.jpg
8323,76710,132M_21_02_V062.jpg
8323,76710,132M_21_03_V058.jpg
8323,76710,132M_20_02_V014.jpg
8323,76710,132M_01_04_V083.jpg
8323,76710,132M_29_01_V098.jpg
8323,76710,132M_18_02_V036.jpg
8323,76710,132M_OE_07_V039.jpg
8323,76710,132M_25_01_V118.jpg
8323,76710,132M_25_02_V054.jpg
8323,76710,132M_25_03_V070.jpg
8323,76710,132M_25_04_V010.jpg
8323,76710,132M_04_01_V323.jpg
8323,76710,132M_23_03_V048.jpg
8323,76710,132M_17_04_V048.jpg
8323,76710,132M_15_02_V126.jpg
8323,76710,"empty OriginalFilename tag"
8323,76710,"empty OriginalFilename tag"
8323,76710,"empty OriginalFilename tag"
8323,76710,"empty OriginalFilename tag"
8323,76710,132H_31_04_V050.jpg
8323,76710,132H_34_04_V088.jpg
8323,76710,132H_38_05_V013.jpg
8323,76710,132P_07_04_V058.jpg
8323,76710,132P_08_01_V002.jpg
8325,76607,"empty OriginalFilename tag"
8325,76607,"empty OriginalFilename tag"
8325,76607,"empty OriginalFilename tag"
8325,76607,"empty OriginalFilename tag"
8325,76607,132H_15_03_V011.jpg
8325,76607,132H_35_03_V082.jpg
8325,76607,132H_21_05_V015.jpg
8325,76607,132M_03_02_V031.jpg
8325,76607,132M_16_02_V050.jpg
8325,76607,132M_28_01_V066.jpg
8326,76708,132H_35_04_V039.jpg
8326,76708,132H_38_02_V016.jpg
8326,76708,132M_06_02_V077.jpg
8326,76708,132M_01_04_V083.jpg
8326,76708,132M_29_01_V098.jpg
8326,76708,132M_25_04_V010.jpg
8326,76708,132M_OE_04_V043.jpg
8326,76708,132M_17_04_V048.jpg
8326,76708,132M_12_02_V018.jpg
8326,76708,"empty OriginalFilename tag"
8326,76708,132H_31_02_V099.jpg
8326,76708,"empty OriginalFilename tag"
8326,76708,"empty OriginalFilename tag"
8326,76708,"empty OriginalFilename tag"
8326,76708,"empty OriginalFilename tag"
8326,76708,132M_16_01_V050.jpg
8326,76708,"empty OriginalFilename tag"
8326,76708,"empty OriginalFilename tag"
8326,76708,"empty OriginalFilename tag"
8326,76708,132M_02_02_V013.jpg
8326,76708,"empty OriginalFilename tag"
8326,76708,"empty OriginalFilename tag"
8326,76708,"empty OriginalFilename tag"
8326,76708,132P_03_02_V002.jpg
8327,76709,"empty OriginalFilename tag"
8327,76709,132H_30_03_V128.jpg
8327,76709,132H_35_04_V039.jpg
8327,76709,132H_34_04_V088.jpg
8327,76709,132H_16_03B_V_004.jpg
8327,76709,132M_06_02_V077.jpg
8327,76709,132M_07_02_V031.jpg
8327,76709,132M_08_02_V011.jpg
8327,76709,132M_12_03_V079.jpg
8327,76709,132M_12_04_V053.jpg
8327,76709,132M_25_01_V118.jpg
8327,76709,132M_22_04_V027.jpg
8327,76709,132M_22_03_V024.jpg
8327,76709,132M_21_02_V062.jpg
8327,76709,132M_21_03_V058.jpg
8327,76709,132M_OE_06_V169.jpg
8327,76709,132M_02_02_V013.jpg
8327,76709,132M_OE_07_V039.jpg
8327,76709,132M_OE_05_V114.jpg
8327,76709,132M_25_02_V054.jpg
8327,76709,132M_25_03_V070.jpg
8327,76709,132M_25_04_V010.jpg
8327,76709,132M_04_04_V091.jpg
8327,76709,132M_04_01_V323.jpg
8327,76709,132M_23_02_V070.jpg
8327,76709,132M_23_03_V048.jpg
8327,76709,132M_OE_02_V050.jpg
8327,76709,132M_28_01_V066.jpg
8327,76709,132P_11_04_V011.jpg
8327,76709,132P_07_02_V046.jpg
8327,76709,132P_08_02_V006.jpg
8327,76709,132B_02_01_V035.jpg
8327,76709,132H_11_04_V003.jpg
8327,76709,132H_33_01_V049.jpg
8327,76709,132H_22_03_V017.jpg
8327,76709,132H_22_02_V063.jpg
8327,76709,"empty OriginalFilename tag"
8327,76709,"empty OriginalFilename tag"
8327,76709,"empty OriginalFilename tag"
8327,76709,"empty OriginalFilename tag"
8327,76709,132H_32_03_V086.jpg
8327,76709,"empty OriginalFilename tag"
8327,76709,"empty OriginalFilename tag"
8327,76709,132M_08_03_V043.jpg
8327,76709,"empty OriginalFilename tag"
8327,76709,"empty OriginalFilename tag"
8327,76709,"empty OriginalFilename tag"
8327,76709,"empty OriginalFilename tag"
8327,76709,"empty OriginalFilename tag"
8327,76709,"empty OriginalFilename tag"
8328,76606,132P_01_01_V102.jpg
8328,76606,132M_OE_05_V114.jpg
8328,76606,132H_08_01_V072.jpg
8328,76606,"empty OriginalFilename tag"
8328,76606,"empty OriginalFilename tag"
8328,76606,"empty OriginalFilename tag"
8328,76606,132H_08_04_V060.jpg
8328,76606,132H_30_03_V128.jpg
8328,76606,132H_20_01_V065.jpg
8328,76606,132H_20_03_V003.jpg
8328,76606,132H_08_02_V040.jpg
8328,76606,132M_22_04_V027.jpg
8328,76606,132M_22_03_V024.jpg
8328,76606,132M_21_03_V058.jpg
8328,76606,132M_01_03_V091.jpg
8328,76606,132M_18_03_V051.jpg
8328,76606,132M_04_04_V091.jpg
8328,76606,132P_07_01_V028.jpg
8328,76606,132P_08_01_V002.jpg
8329,76599,"empty OriginalFilename tag"
8329,76599,"empty OriginalFilename tag"
8329,76599,132H_32_04_V008.jpg
8329,76599,132H_32_01_V010.jpg
8330,76600,"empty OriginalFilename tag"
8330,76600,132H_06_01_V064.jpg
8330,76600,132H_17_04_V095.jpg
8330,76600,132H_27_02_V097.jpg
8330,76600,132P_02_03_V009.jpg
8330,76600,132P_04_01_V002.jpg
8054,58413,"empty OriginalFilename tag"
8054,58413,132P_02_02_V027.jpg
8332,76881,13202_008332_09_A_8009.jpg
8332,76881,132H_19_01_V056.jpg
8332,76881,132H_29_03_V019.jpg
8332,76881,132H_35_04_V039.jpg
8332,76881,"empty OriginalFilename tag"
8334,76601,"empty OriginalFilename tag"
8334,76601,"empty OriginalFilename tag"
8334,76601,"empty OriginalFilename tag"
8334,76601,"empty OriginalFilename tag"
8334,76601,"empty OriginalFilename tag"
8334,76601,"empty OriginalFilename tag"
8334,76601,"empty OriginalFilename tag"
8334,76601,132H_03_01_V088.jpg
8334,76601,132H_06_04_V010.jpg
8334,76601,132H_11_04_V003.jpg
8334,76601,132H_37_02_V044.jpg
8334,76601,132H_15_01_V022.jpg
8334,76601,132H_17_02_V043.jpg
8334,76601,132H_ACC_01_V027.jpg
8334,76601,132H_38_01_V048.jpg
8334,76601,132H_28_01_V040.jpg
8334,76601,132H_23_02_V069.jpg
8334,76601,132M_12_01_V192.jpg
8334,76601,132M_17_01_V047.jpg
8334,76601,132M_17_03_V037.jpg
8334,76601,132P_03_03_V014.jpg
8334,76601,132P_03_01_V071.jpg
8334,76601,132P_07_03_V010.jpg
8334,76601,132P_BAG_01_V102.jpg
8056,58414,132M_15_01_V044.jpg
8335,76602,132P_11_04_V011.jpg
8335,76602,132B_ALT_15_V008.jpg
8335,76602,132H_FOR_02_V196.jpg
8335,76602,132H_04_01_V022.jpg
8335,76602,132H_ACC_03_V002.jpg
8335,76602,132H_12_02_V006.jpg
8335,76602,132H_21_04_V057.jpg
8336,76603,132H_08_01_V072.jpg
8336,76603,132H_16_01_V097.jpg
8336,76603,"empty OriginalFilename tag"
8336,76603,"empty OriginalFilename tag"
8336,76603,132H_20_03_V003.jpg
8336,76603,132M_01_04_V083.jpg
8336,76603,132M_15_01_V044.jpg
8336,76603,132P_08_03_V020.jpg
8337,76604,132H_16_04_V002.jpg
8337,76604,132H_24_04_V056.jpg
8337,76604,"empty OriginalFilename tag"
8337,76604,132H_20_04_V151.jpg
8337,76604,132H_07_02_V005.jpg
8337,76604,132M_23_01_V052.jpg
8337,76604,132M_17_01_V047.jpg
8337,76604,132M_17_05_V004.jpg
8337,76604,132M_OE_08_V061.jpg
8337,76604,132H_20_01_V065.jpg
8337,76604,132M_14_02_V088.jpg
8337,76604,132M_15_02_V126.jpg
8337,76604,132P_01_01_V102.jpg
8337,76604,132P_07_02_V046.jpg
8337,76604,132P_07_01_V028.jpg
8337,76604,132M_22_03_V024.jpg
8337,76604,132H_25_03_V027.jpg
8337,76604,132M_21_01_V079.jpg
8337,76604,132M_29_02_V046.jpg
8337,76604,132M_23_02_V070.jpg
8337,76604,132M_23_05_V016.jpg
8337,76604,"empty OriginalFilename tag"
8337,76604,"empty OriginalFilename tag"
8337,76604,"empty OriginalFilename tag"
8337,76604,132B_02_01_V035.jpg
8337,76604,132H_10_02_V018.jpg
8337,76604,132H_30_03_V128.jpg
8337,76604,132H_07_04_V054.jpg
8337,76604,132P_09_01_V045.jpg
8057,70339,"empty OriginalFilename tag"
8063,41010,"empty OriginalFilename tag"
8063,41010,132H_28_04_V087.jpg
8063,41010,132H_28_02_V019.jpg
8061,70341,"empty OriginalFilename tag"
8066,51123,"empty OriginalFilename tag"
8059,70340,"empty OriginalFilename tag"
8064,70342,"empty OriginalFilename tag"
8068,55636,"empty OriginalFilename tag"
8068,55636,132H_38_01_V048.jpg
8068,55636,132M_12_04_V053.jpg
8068,55637,132M_13_02_V052.jpg
8068,55637,"empty OriginalFilename tag"
8068,55637,132H_OE_03_V175.jpg
8068,55637,132H_03_03_V044.jpg
8068,55637,132H_04_01_V022.jpg
8068,55637,132M_13_04_V037.jpg
8068,55637,132H_35_01_V144.jpg
8068,55637,132H_14_02_V072.jpg
8068,55637,132B_02_01_V035.jpg
8068,55637,"empty OriginalFilename tag"
8068,55637,132H_14_03_V013.jpg
8068,55637,132M_26_02_V020.jpg
8320,76852,"empty OriginalFilename tag"
8320,76852,132M_25_01_V118.jpg
8322,76874,"empty OriginalFilename tag"
8322,76874,"empty OriginalFilename tag"
8322,76874,"empty OriginalFilename tag"
8322,76874,"empty OriginalFilename tag"
8306,76870,132H_32_01_V010.jpg
8306,76870,132H_32_04_V008.jpg
8306,76870,132M_17_03_V037.jpg
8306,76870,132M_BAG_V017.jpg
8058,72086,132H_34_03_V076.jpg
8058,72086,132H_06_01_V064.jpg
8058,72086,132H_06_04_V010.jpg
8058,72086,132H_37_01_V048.jpg
8058,72086,132H_33_03_V067.jpg
8058,72086,132H_33_04_V102.jpg
8058,72086,132H_39_01_V035.jpg
8058,72086,"empty OriginalFilename tag"
8058,72086,"empty OriginalFilename tag"
8058,72086,"empty OriginalFilename tag"
8058,72086,132H_29_02_V059.jpg
8058,72086,132H_31_02_V099.jpg
8058,72086,132H_34_01_V008.jpg
8058,72086,"empty OriginalFilename tag"
8058,72086,"empty OriginalFilename tag"
8058,72086,132H_02_01_V010.jpg
8058,72086,132M_06_03_V033.jpg
8058,72086,132M_21_01_V079.jpg
8058,72086,132M_OE_06_V169.jpg
8058,72086,132M_25_02_V054.jpg
8058,72086,132M_OE_04_V043.jpg
8058,72086,132P_03_02_V002.jpg
8058,72090,"empty OriginalFilename tag"
8058,72090,132M_08_02_V011.jpg
8058,72090,132M_08_01_V108.jpg
8058,72090,132M_21_04_V052.jpg
8058,72090,132M_OE_08_V061.jpg
8058,72090,132M_15_01_V044.jpg
8058,72090,132B_34_05_V042.jpg
8058,72090,132P_03_02_V002.jpg
8058,72087,132B_ALT_02_V010.jpg
8058,72087,132B_14_04_V045.jpg
8058,72084,13202_008058_03_A_5023.jpg
8058,72085,"empty OriginalFilename tag"
8058,72083,132H_39_05_V002.jpg
8058,72083,132H_32_03_V086.jpg
8058,72083,"empty OriginalFilename tag"
8058,72083,"empty OriginalFilename tag"
8058,72083,"empty OriginalFilename tag"
8058,72088,13202_008058_03_A_5023.jpg
8069,58796,132B_FOR_02_V435_300.jpg
8069,58796,"empty OriginalFilename tag"
8308,76714,132H_24_01_V016.jpg
8308,76714,132H_03_01_V088.jpg
8308,76714,132H_06_03_V048.jpg
8308,76714,132H_06_04_V010.jpg
8308,76714,132H_07_01_V005.jpg
8308,76714,132H_ACC_01_V027.jpg
8308,76714,132H_22_04_V020.jpg
8308,76714,132H_22_01_V062.jpg
8308,76714,13214_008308_09_A_8001.jpg
8308,76715,132H_39_05_V002.jpg
8308,76715,132H_10_02_V018.jpg
8308,76715,13214_008308_09_A_9000.jpg
8309,76716,132W_05_V053.jpg
8309,76716,132H_ACC_01_V027.jpg
8309,76716,132H_22_03_V017.jpg
8309,76716,132H_24_02_V019.jpg
8309,76716,132H_24_03_V055.jpg
8309,76716,132H_26_02_V039.jpg
8309,76716,132H_26_01_V044.jpg
8309,76716,13214_008309_09_A_8001.jpg
8309,76717,132H_OE_03_V175.jpg
8309,76717,132H_37_01_V048.jpg
8309,76717,13214_008309_09_A_9000.jpg
8313,76677,132H_33_04_V102.jpg
8313,76677,132H_12_02_V006.jpg
8313,76677,132H_28_04_V087.jpg
8198,78218,"empty OriginalFilename tag"
8188,58800,"empty OriginalFilename tag"
8188,58800,"empty OriginalFilename tag"
8316,76830,132H_24_04_V056.jpg
8166,58798,132B_02_01_V035.jpg
8318,76831,"empty OriginalFilename tag"
8318,76831,132M_04_02_V211.jpg
8318,76831,132M_04_01_V323.jpg
8194,41014,"empty OriginalFilename tag"
8319,76832,"empty OriginalFilename tag"
8319,76832,"empty OriginalFilename tag"
8206,55639,"empty OriginalFilename tag"
8206,55639,132M_25_02_V054.jpg
8201,59414,132M_20_03_V054.jpg
8201,59414,"empty OriginalFilename tag"
8201,59414,"empty OriginalFilename tag"
8201,59414,132B_FOR_02_V435_300.jpg
8201,59414,132M_BAG_V017.jpg
8165,41011,"empty OriginalFilename tag"
8165,41011,132M_23_01_V052.jpg
8281,41027,132H_10_01_V118.jpg
8281,41027,132H_10_02_V018.jpg
8281,41029,"empty OriginalFilename tag"
8282,41034,132H_09_04_V072.jpg
8282,41034,"empty OriginalFilename tag"
8282,41043,132M_26_02_V020.jpg
8282,41043,132M_28_01_V066.jpg
8282,41035,"empty OriginalFilename tag"
8280,41022,132M_07_03_V059.jpg
8280,41022,"empty OriginalFilename tag"
8280,41022,"empty OriginalFilename tag"
8280,41022,"empty OriginalFilename tag"
8280,41022,132H_27_03_V065.jpg
8280,41022,132M_OE_01_V204.jpg
8280,41045,132H_27_01_V181.jpg
8232,70357,"empty OriginalFilename tag"
8232,70357,"empty OriginalFilename tag"
8232,70357,132M_17_01_V047.jpg
8232,70357,132M_17_05_V004.jpg
8344,75070,132P_BAG_01_V102.jpg
8344,75069,"empty OriginalFilename tag"
8344,75069,132M_22_03_V024.jpg
8192,66308,"empty OriginalFilename tag"
8184,78142,13214_008184_03_A_8006.jpg
8184,78142,132H_05_01_V030.jpg
8060,66307,"empty OriginalFilename tag"
8151,72091,"empty OriginalFilename tag"
8151,72091,"empty OriginalFilename tag"
8151,72091,132H_30_03_V128.jpg
8345,75072,132H_23_02_V069.jpg
8345,75072,132H_03_04_V088.jpg
8345,75072,132H_ACC_02_V003.jpg
8345,75072,132H_22_01_V062.jpg
8345,75072,132H_23_05_V002.jpg
8345,75072,132H_24_04_V056.jpg
8345,75072,132H_26_02_V039.jpg
8345,75072,132H_26_01_V044.jpg
8345,75072,132H_39_01_V035.jpg
8345,75072,132H_24_01_V016.jpg
8346,75073,132H_OE_03_V175.jpg
8346,75073,"empty OriginalFilename tag"
8346,75073,132H_02_01_V010.jpg
8346,75073,132H_03_01_V088.jpg
8346,75073,132H_11_01_V089.jpg
8346,75073,132H_11_04_V003.jpg
8346,75073,132H_36_01_V195.jpg
8346,75073,132H_15_04_V006.jpg
8346,75073,132H_16_04_V002.jpg
8346,75073,132H_39_05_V002.jpg
8346,75073,132H_39_01_V035.jpg
8346,75073,132H_31_01_V077.jpg
8346,75073,132B_02_01_V035.jpg
8346,75073,"empty OriginalFilename tag"
8346,75073,132H_31_03_V045.jpg
8346,75073,132H_30_01_V093.jpg
8346,75073,132H_28_04_V087.jpg
8346,75073,132M_03_01_V106.jpg
8346,75073,132M_20_03_V054.jpg
8346,75073,132M_20_01_V052.jpg
8346,75073,132M_27_02_V050.jpg
8346,75073,132M_17_01_V047.jpg
8346,75073,132M_17_04_V048.jpg
8346,75073,132M_BAG_V017.jpg
8346,75073,132P_03_02_V002.jpg
8348,75074,"empty OriginalFilename tag"
8348,75074,132H_07_04_V054.jpg
8348,75074,132M_18_04_V054.jpg
8350,75075,"empty OriginalFilename tag"
8350,75075,"empty OriginalFilename tag"
8350,75075,"empty OriginalFilename tag"
8350,75075,"empty OriginalFilename tag"
8350,75075,"empty OriginalFilename tag"
8350,75075,132H_14_04_V069.jpg
8350,75075,132H_33_01_V049.jpg
8350,75075,132H_33_04_V102.jpg
8350,75075,132H_35_01_V144.jpg
8350,75075,132H_35_04_V039.jpg
8350,75075,132H_34_01_V008.jpg
8350,75075,132H_34_04_V088.jpg
8350,75075,132H_34_03_V076.jpg
8350,75075,132H_13_02_V018.jpg
8350,75075,132H_14_02_V072.jpg
8350,75075,132M_12_01_V192.jpg
8350,75075,132M_21_01_V079.jpg
8350,75075,132M_01_01_V082.jpg
8350,75075,132M_01_04_V083.jpg
8350,75075,132M_02_01_V023.jpg
8350,75075,132M_02_03_V057.jpg
8350,75075,132M_04_04_V091.jpg
8350,75075,132M_04_01_V323.jpg
8350,75075,132M_07_04_V010.jpg
8350,75075,132M_25_01_V118.jpg
8152,70347,"empty OriginalFilename tag"
8300,31834,132H_29_01_V005.jpg
8300,31835,"empty OriginalFilename tag"
8300,31831,"empty OriginalFilename tag"
8300,31831,132H_35_03_V082.jpg
8300,31833,132H_38_02_V016.jpg
8299,66311,"empty OriginalFilename tag"
8233,72092,"empty OriginalFilename tag"
8233,72092,"empty OriginalFilename tag"
8233,72092,"empty OriginalFilename tag"
8233,72092,"empty OriginalFilename tag"
8233,72092,132H_15_02_V177.jpg
8233,72092,132H_17_01_V097.jpg
8233,72092,132H_19_03_V017.jpg
8233,72092,132H_05_01_V030.jpg
8233,72092,132H_35_03_V082.jpg
8233,72092,132H_12_04_V030.jpg
8233,72092,132H_12_01_V087.jpg
8233,72092,132H_20_04_V151.jpg
8233,72092,132H_20_01_V065.jpg
8233,72092,132H_21_03_V092.jpg
8233,72092,132M_12_02_V018.jpg
8233,72092,132M_12_03_V079.jpg
8233,72092,132M_04_02_V211.jpg
8233,72092,132P_11_03_V029.jpg
8233,72093,132M_04_01_V323.jpg
8225,31830,"empty OriginalFilename tag"
8052,78179,"empty OriginalFilename tag"
7967,57608,"empty OriginalFilename tag"
7967,57608,132P_03_01_V071.jpg
7971,20497,"empty OriginalFilename tag"
8200,41016,132P_11_01_V100.jpg
8200,41016,132H_29_01_V005.jpg
8200,41016,132M_14_01_V005.jpg
8157,78208,132M_07_03_V059.jpg
8157,78208,"empty OriginalFilename tag"
8157,78208,132M_OE_01_V204.jpg
8197,70349,"empty OriginalFilename tag"
8195,70348,"empty OriginalFilename tag"
8146,70343,132B_34_05_V042.jpg
8292,74492,"empty OriginalFilename tag"
8292,74493,"empty OriginalFilename tag"
8292,74493,132H_39_05_V002.jpg
4404,20084,21107_004404_03_A_4004.jpg
4404,20072,11207_004404_03_A_8006_PSR_ISO39.jpg
4404,20072,112B_ALT_46_V017_PSR.JPG
4404,20098,132H_07_03_V056.jpg
4404,20098,132H_07_01_V005.jpg
4404,20082,11207_004404_03_A_3017_PSR_1.jpg
4404,20071,11207_004404_03_A_9000.jpg
4404,20073,11207_004404_03_A_1007_PSR_300.jpg
4404,20073,11207_004404_03_A_8006_PSR_300.jpg
4404,20073,11207_004404_03_A_1007_PSR_4.jpg
4404,20074,132H_06_04_V010.jpg
4404,20074,112B_ALT_46_V017_PSR.JPG
4404,20074,132H_06_03_V048.jpg
4404,20099,132H_41_04_V017.jpg
4404,38469,132H_04_01_V022.jpg
4404,38469,BASIC_004404_03_A_2000.jpg
8294,74496,"empty OriginalFilename tag"
8294,74497,132H_39_01_V035.jpg
8293,58801,"empty OriginalFilename tag"
8293,58803,132H_39_01_V035.jpg
8353,70358,132B_14_04_V045.jpg
8301,66317,132H_35_04_V039.jpg
8301,66315,132H_38_05_V013.jpg
8155,78181,132M_24_01_V043.jpg
8231,37219,"empty OriginalFilename tag"
8231,37219,"empty OriginalFilename tag"
8341,13794,"empty OriginalFilename tag"
8341,13795,"empty OriginalFilename tag"
8361,66318,"empty OriginalFilename tag"
8205,70351,"empty OriginalFilename tag"
8205,70351,132B_19_04_V012.jpg
8153,59413,"empty OriginalFilename tag"
8153,59413,"empty OriginalFilename tag"
8199,70350,132P_BAG_01_V102.jpg
8267,78150,"empty OriginalFilename tag"
8267,78150,132P_02_01_V110.jpg
8352,41038,"empty OriginalFilename tag"
8352,41039,"empty OriginalFilename tag"
8352,41039,"empty OriginalFilename tag"
8352,41037,"empty OriginalFilename tag"
8145,23379,"empty OriginalFilename tag"
8145,23379,"empty OriginalFilename tag"
8145,23379,"empty OriginalFilename tag"
8145,23379,132H_23_02_V069.jpg
8062,60521,"empty OriginalFilename tag"
8355,58804,"empty OriginalFilename tag"
8355,58804,"empty OriginalFilename tag"
8356,58805,"empty OriginalFilename tag"
8303,37223,"empty OriginalFilename tag"
8303,37223,"empty OriginalFilename tag"
8303,37223,"empty OriginalFilename tag"
8303,37223,132H_06_02_V056.jpg
8303,37223,132H_10_01_V118.jpg
8303,37223,132H_18_02_V096.jpg
8303,37223,132H_12_04_V030.jpg
8303,37223,132H_12_03_V010.jpg
8303,37223,132H_12_01_V087.jpg
8303,37223,132M_26_02_V020.jpg
8303,37223,132M_OE_02_V050.jpg
8303,37224,132B_ALT_15_V008.jpg
8303,37224,"empty OriginalFilename tag"
8303,37224,"empty OriginalFilename tag"
7945,59411,"empty OriginalFilename tag"
8150,70346,"empty OriginalFilename tag"
8415,41041,132M_16_01_V050.jpg
8415,41040,132M_OE_08_V061.jpg
8415,41040,"empty OriginalFilename tag"
8423,14068,"empty OriginalFilename tag"
8428,78242,132P_06_02_V047.jpg
8389,02008,"empty OriginalFilename tag"
8389,02008,132M_25_01_V118.jpg
8430,12171,"empty OriginalFilename tag"
8467,14069,"empty OriginalFilename tag"
8467,14069,"empty OriginalFilename tag"
8467,14070,"empty OriginalFilename tag"
8467,14070,"empty OriginalFilename tag"
8438,12572,"empty OriginalFilename tag"
8566,00863,"empty OriginalFilename tag"
8432,65812,13212_008432_03_A_9000.jpg
8432,65812,132H_30_01_V093.jpg
8432,65812,132M_06_01_V034.jpg
8432,65812,132P_07_03_V010.jpg
8602,14164,"empty OriginalFilename tag"
8605,14169,"empty OriginalFilename tag"
8605,14170,"empty OriginalFilename tag"
8605,14171,"empty OriginalFilename tag"
8604,14168,"empty OriginalFilename tag"
8603,14165,"empty OriginalFilename tag"
8490,51083,132M_07_03_V059.jpg
8490,51083,13212_008490_03_A_4003.jpg
8490,51083,13212_008490_03_C_4003.jpg
8490,51082,13212_008490_03_A_9000.jpg
8490,51082,132H_34_04_V088.jpg
8490,51082,132M_09_01_V122.jpg
8490,51082,13212_008490_03_C_9000.jpg
8490,51082,132P_02_03_V009.jpg
8627,11967,"empty OriginalFilename tag"
8665,75043,132H_09_01_V046.jpg
8665,75043,"empty OriginalFilename tag"
8665,75043,"empty OriginalFilename tag"
8665,75043,"empty OriginalFilename tag"
8665,75043,132H_06_02_V111.jpg
8665,75043,132H_03_04_V066.jpg
8665,75043,132H_02_04_V089.jpg
8666,75044,132B_ALT_25_V036.jpg
8666,75044,132H_05_04_V021.jpg
8666,75044,"empty OriginalFilename tag"
8666,75044,"empty OriginalFilename tag"
8666,75044,132H_07_05_V004.jpg
8666,75044,132H_10_01_V008.jpg
8666,75044,132H_03_01_V056.jpg
8666,75044,132H_01_04_V090.jpg
8396,25054,132M_01_01_V082.jpg
8396,25054,13212_008396_03_A_9000.jpg
8396,25054,132H_09_04_V072.jpg
8677,59179,"empty OriginalFilename tag"
8677,59179,132H_33_03_V067.jpg
8673,09836,"empty OriginalFilename tag"
8685,01327,"empty OriginalFilename tag"
8715,75076,"empty OriginalFilename tag"
8716,75077,"empty OriginalFilename tag"
8716,75077,"empty OriginalFilename tag"
8716,75077,"empty OriginalFilename tag"
8716,75077,"empty OriginalFilename tag"
8716,75077,132H_20_02_V044.jpg
8716,75077,132M_11_03_V018.jpg
8716,75077,132M_12_04_V053.jpg
8716,75077,132M_14_02_V088.jpg
8716,75077,132M_OE_02_V050.jpg
8716,75077,132I_08_05_V008.jpg
8716,75077,132M_12_05_V002.jpg
8716,75077,132M_14_04_V028.jpg
8664,54603,13214_008664_03_A_9000.jpg
8664,54603,132H_35_04_V039.jpg
8664,54604,13214_008664_03_A_6003.jpg
8664,54604,132H_26_02_V039.jpg
8664,54604,132H_26_01_V044.jpg
8600,54602,13214_008600_03_A_7020.jpg
8600,54602,132H_28_03_V004.jpg
8634,72526,13214_008634_03_A_8062.jpg
8634,72526,132H_12_02_V006.jpg
8557,51518,13214_008557_03_A_9056.jpg
8557,51518,13214_008557_03_B_9056.jpg
8557,51518,132H_19_02_V053.jpg
7958,78141,13214_007958_03_A_9056.jpg
7958,78141,132H_19_03_V017.jpg
8489,20129,132H_03_02_V025.jpg
8489,20129,13214_008489_03_A_8061.jpg
8489,20129,132H_OE_03_V175.jpg
8489,20129,132H_03_03_V044.jpg
8599,72521,132H_09_04_V072.jpg
8599,72521,13214_008599_03_A_8005.jpg
8599,72521,13214_008599_03_C_8005.jpg
8599,72521,132H_09_01_V024.jpg
8599,72521,132H_17_04_V095.jpg
8599,72521,132H_27_01_V181.jpg
8756,76718,132H_08_01_V072.jpg
8756,76718,13214_008756_09_A_2065.jpg
8755,76672,"empty OriginalFilename tag"
8755,76672,132M_28_01_V066.jpg
8473,78144,13214_008473_03_A_9056.jpg
8473,78144,132H_19_01_V056.jpg
8760,76849,"empty OriginalFilename tag"
8760,76849,"empty OriginalFilename tag"
8762,76850,"empty OriginalFilename tag"
8762,76851,"empty OriginalFilename tag"
8762,76851,"empty OriginalFilename tag"
8762,76851,132M_24_01_V043.jpg
8536,78250,13214_008536_03_A_9000.jpg
8536,78250,132H_04_01_V022.jpg
8609,30531,132H_08_01_V072.jpg
8609,30531,13214_008609_03_A_6018.jpg
8609,30531,132H_08_04_V060.jpg
8609,30531,132H_37_02_V044.jpg
8609,30531,132H_08_02_V040.jpg
8737,08050,"empty OriginalFilename tag"
8738,08051,"empty OriginalFilename tag"
8629,72525,13214_008629_03_A_8083.jpg
8629,72525,132H_26_02_V039.jpg
8629,72525,132H_26_01_V044.jpg
8750,72532,13214_008750_03_A_9000.jpg
8750,72532,132H_06_02_V056.jpg
8750,72533,13214_008750_03_A_8005.jpg
8750,72533,132H_37_01_V048.jpg
8750,72533,132H_31_03_V045.jpg
8632,51520,13214_008632_03_A_8017.jpg
8632,51520,132H_32_04_V008.jpg
8770,61817,13214_008770_03_A_2009.jpg
8770,61817,132H_32_03_V086.jpg
8736,54607,13214_008736_03_A_2012.jpg
8736,54607,132H_32_02_V129.jpg
8594,51022,13214_008594_03_A_9000.jpg
8594,51022,132H_FOR_02_V196.jpg
8594,51022,132H_ACC_03_V002.jpg
8594,51022,132H_13_02_V018.jpg
8594,51023,13214_008594_03_A_4012.jpg
8594,51023,132H_13_04_V021.jpg
8772,75056,"empty OriginalFilename tag"
8749,13432,"empty OriginalFilename tag"
8749,13433,"empty OriginalFilename tag"
8668,78336,13214_008668_03_A_6011.jpg
8668,78336,132H_21_01_V191.jpg
8668,78336,132H_21_02_V032.jpg
8496,72708,13214_008496_03_A_4054.jpg
8496,72708,13214_008496_03_B_4054.jpg
8496,72708,132H_11_01_V089.jpg
8595,54601,13214_008595_03_A_8089.jpg
8595,54601,132H_18_01_V123.jpg
8495,72706,13214_008495_03_A_4054.jpg
8495,72706,132H_10_01_V118.jpg
8495,72706,132H_10_02_V018.jpg
8495,72706,13214_008495_03_B_4054.jpg
8495,72707,13214_008495_03_A_4054.jpg
8495,72707,13214_008495_03_B_4054.jpg
8582,72519,13214_008582_03_A_9098.jpg
8582,72519,132H_13_01_V072.jpg
8592,72520,13214_008592_03_A_9000.jpg
8592,72520,132H_34_03_V076.jpg
8607,72522,13214_008607_03_A_2008.jpg
8607,72522,132H_25_01_V042.jpg
8617,72523,13214_008617_03_A_2009.jpg
8617,72523,132H_22_03_V017.jpg
8763,00382,"empty OriginalFilename tag"
8763,00382,"empty OriginalFilename tag"
8763,00382,"empty OriginalFilename tag"
8401,72518,132H_05_02_V057.jpg
8401,72518,13214_008401_03_A_8004.jpg
8777,75067,132P_06_02_V047.jpg
8777,75067,132M_11_02_V036.jpg
8777,75067,132M_07_01_V025.jpg
8777,75067,132M_OE_08_V061.jpg
8777,75067,"empty OriginalFilename tag"
8777,75067,"empty OriginalFilename tag"
8777,75067,132H_29_01_V005.jpg
8777,75067,132H_30_04_V122.jpg
8777,75067,"empty OriginalFilename tag"
8777,75067,132H_14_04_V069.jpg
8777,75067,132H_09_04_V072.jpg
8777,75067,132H_04_01_V022.jpg
8777,75067,132H_19_02_V053.jpg
8777,75067,132H_05_01_V030.jpg
8777,75067,132H_14_01_V005.jpg
8777,75067,132H_BAG_01_V024.jpg
8777,75067,132H_05_02_V057.jpg
8777,75067,132H_13_01_V072.jpg
8777,75067,132M_09_02_V047.jpg
8777,75067,132M_08_01_V108.jpg
8777,75067,132M_11_01_V113.jpg
8777,75067,132M_12_01_V192.jpg
8777,75067,132M_14_02_V088.jpg
8777,75067,132M_14_01_V005.jpg
8777,75067,132M_04_03_V040.jpg
8777,75067,132M_04_01_V323.jpg
8777,75067,132M_OE_02_V050.jpg
8777,75067,132M_15_02_V126.jpg
8777,75067,132M_15_01_V044.jpg
8680,72528,13214_008680_03_A_8001.jpg
8680,72528,132H_11_03_V065.jpg
8630,61812,13214_008630_03_A_5138.jpg
8630,61812,132H_30_04_V122.jpg
8633,13879,13214_008633_03_A_8001.jpg
8633,13879,132H_15_03_V011.jpg
8803,12279,"empty OriginalFilename tag"
8803,12338,"empty OriginalFilename tag"
7912,64889,13214_007912_03_A_7021.jpg
7912,64889,132H_ACC_01_V027.jpg
7912,64889,132H_22_04_V020.jpg
7912,64889,132H_22_01_V062.jpg
8825,59180,132M_07_01_V025.jpg
8825,59180,"empty OriginalFilename tag"
8825,59180,132H_36_01_V195.jpg
8825,59180,132H_17_04_V095.jpg
8825,59180,132H_21_01_V191.jpg
8825,59180,132M_27_02_V050.jpg
8825,59180,132M_OE_08_V061.jpg
8825,59180,132M_30_01_V113.jpg
8814,12589,"empty OriginalFilename tag"
8836,72540,13214_008836_03_A_0001.jpg
8836,72540,132H_06_03_V048.jpg
8836,72540,132H_06_04_V010.jpg
8598,51519,13214_008598_03_A_5019.jpg
8598,51519,13214_008598_03_B_5019.jpg
8598,51519,132H_23_05_V002.jpg
8598,51519,132H_24_03_V055.jpg
8380,51515,132H_24_04_V056.jpg
8380,51515,13214_008380_03_A_5019.jpg
8404,54595,13214_008404_03_A_8006.jpg
8404,54595,132H_17_01_V097.jpg
8691,72529,13214_008691_03_A_5006.jpg
8691,72529,132H_35_01_V144.jpg
8691,72530,13214_008691_03_A_8001.jpg
7956,61233,13214_007956_03_A_8007.jpg
7956,61233,132H_25_01_V042.jpg
8581,54600,132H_08_01_V072.jpg
8581,54600,13214_008581_03_A_8071.jpg
8581,54600,132H_08_02_V040.jpg
8710,61814,13214_008710_03_A_8002.jpg
8710,61814,132H_09_02_V006.jpg
8710,61814,132H_09_03_V005.jpg
8425,78143,13214_008425_03_A_9059.jpg
8425,78143,132H_FOR_02_V196.jpg
8425,78143,132H_ACC_03_V002.jpg
8425,78143,132H_28_01_V040.jpg
8440,20128,13214_008440_03_A_0055.jpg
8440,20128,132H_24_02_V019.jpg
8440,20128,132H_24_03_V055.jpg
8431,51516,13214_008431_03_A_9059.jpg
8431,51516,132H_13_02_V018.jpg
8437,32265,13214_008437_03_A_2003.jpg
8437,32265,132H_34_03_V076.jpg
8549,64893,13214_008549_03_A_2009.jpg
8549,64893,132H_30_03_V128.jpg
8838,54609,13214_008838_03_A_5028.jpg
8838,54609,132H_FOR_02_V196.jpg
8838,54609,132H_12_04_V030.jpg
8838,54609,132H_12_01_V087.jpg
8471,32143,132H_24_01_V016.jpg
8471,32143,132H_26_02_V039.jpg
8471,32143,132H_26_01_V044.jpg
8471,32143,13214_008471_03_A_4002.jpg
8471,32143,13214_008471_03_B_4002.jpg
8471,32144,13214_008471_03_A_4002.jpg
8471,32144,13214_008471_03_B_4002.jpg
8712,52573,13214_008712_03_A_8002.jpg
8712,52573,132H_07_01_V005.jpg
8712,52573,132H_07_03_V056.jpg
8712,52574,13214_008712_03_A_2008.jpg
8850,72541,132H_23_02_V069.jpg
8850,72541,13214_008850_03_A_0051.jpg
8667,64050,132H_30_01_V093.jpg
8667,64050,13214_008667_03_A_2009.jpg
8667,64050,13214_008667_03_B_2009.jpg
8667,64051,13214_008667_03_A_2009.jpg
8667,64051,13214_008667_03_B_2009.jpg
8626,52572,13214_008626_03_A_8005.jpg
8626,52572,132H_32_03_V086.jpg
7834,76810,131H_ALT_06_V040.jpg
7834,76810,131B_ALT_24_V037.jpg
7834,76810,131B_09_05_V016.jpg
8768,72535,13214_008768_03_A_9000.jpg
8768,72535,132H_20_01_V065.jpg
8768,72536,13214_008768_03_A_0010.jpg
8768,72536,132H_21_03_V092.jpg
8830,30768,132H_24_01_V016.jpg
8830,30768,132H_30_01_V093.jpg
8830,30768,13214_008830_03_A_0002.jpg
8830,30768,132H_19_03_V017.jpg
8830,30768,132H_23_05_V002.jpg
8830,30769,13214_008830_03_A_5027.jpg
8830,30769,132H_23_01_V029.jpg
8833,22600,13214_008833_03_A_8001.jpg
8833,22600,132H_31_04_V050.jpg
8855,51024,13214_008855_03_A_4119.jpg
8855,51024,132H_31_01_V077.jpg
8758,51521,13214_008758_03_A_9000.jpg
8758,51521,132H_21_04_V057.jpg
8732,61815,13214_008732_03_A_8000.jpg
8732,61815,132H_33_03_V067.jpg
8732,61816,13214_008732_03_A_6032.jpg
8732,61816,132H_05_01_V030.jpg
8492,30529,13214_008492_03_A_9000.jpg
8492,30529,132H_34_04_V088.jpg
8802,61818,13214_008802_03_A_8182.jpg
8802,61818,132H_14_04_V069.jpg
8662,22597,13214_008662_03_A_8063.jpg
8662,22597,132H_07_02_V005.jpg
8662,22597,132H_07_04_V054.jpg
8525,13878,132H_25_03_V027.jpg
8525,13878,13214_008525_03_A_8004.jpg
8406,64890,13214_008406_03_A_8017.jpg
8406,64890,132H_07_01_V005.jpg
8541,54599,13214_008541_03_A_8002.jpg
8541,54599,132H_07_02_V005.jpg
8541,54599,132H_07_04_V054.jpg
8849,64895,132H_34_01_V008.jpg
8849,64895,13214_008849_03_A_9000.jpg
8785,72537,132H_29_03_V019.jpg
8785,72537,13214_008785_03_A_8058.jpg
8733,72531,13214_008733_03_A_9000.jpg
8733,72531,132H_21_05_V015.jpg
8523,54598,132H_02_01_V010.jpg
8523,54598,13214_008523_03_A_1089.jpg
8579,30530,13214_008579_03_A_9000.jpg
8579,30530,132H_31_01_V077.jpg
8531,61810,13214_008531_03_A_9000.jpg
8531,61810,132H_20_02_V044.jpg
8721,54605,13214_008721_03_A_9000.jpg
8721,54605,132H_11_01_V089.jpg
8721,54606,13214_008721_03_A_5003.jpg
8721,54606,132H_18_02_V096.jpg
8418,78249,13214_008418_03_A_8015.jpg
8418,78249,132H_OE_03_V175.jpg
8418,78249,132H_15_02_V177.jpg
8418,78249,132H_30_04_V122.jpg
8792,72538,13214_008792_03_A_8060.jpg
8792,72538,132H_27_02_V097.jpg
8859,37225,"empty OriginalFilename tag"
8859,37225,"empty OriginalFilename tag"
8859,37225,132M_02_02_V013.jpg
8859,37225,132P_11_04_V011.jpg
8852,20626,132H_32_04_V008.jpg
8852,20626,13214_008852_03_A_2136.jpg
8852,20626,132H_32_01_V010.jpg
8409,13877,13214_008409_03_A_1127.jpg
8409,13877,132H_16_04_V002.jpg
8769,36654,132H_16_01_V097.jpg
8769,36654,13214_008769_03_A_9000.jpg
8584,64894,132H_31_02_V099.jpg
8584,64894,13214_008584_03_A_4001.jpg
8527,78375,13214_008527_03_A_9000.jpg
8527,78375,132H_37_02_V044.jpg
8786,22598,13214_008786_03_A_1070.jpg
8786,22598,132H_16_03B_V_004.jpg
8690,30532,13214_008690_03_A_9000.jpg
8690,30532,132H_16_04_V002.jpg
8690,30532,132H_04_02_V047.jpg
8690,30532,132H_20_04_V151.jpg
8811,22599,13214_008811_03_A_8142.jpg
8811,22599,132H_28_04_V087.jpg
8811,22599,132H_28_02_V019.jpg
7929,78376,13214_007929_03_A_8005.jpg
7929,78376,132H_12_04_V030.jpg
8597,36653,13214_008597_03_A_4002.jpg
8597,36653,132H_11_04_V003.jpg
8615,22596,13214_008615_03_A_6018.jpg
8615,22596,132H_28_01_V040.jpg
8774,50889,13214_008774_03_A_9000.jpg
8774,50889,132H_13_03_V016.jpg
8614,52571,13214_008614_03_A_9000.jpg
8614,52571,132H_14_04_V069.jpg
8624,72524,13214_008624_03_A_8001.jpg
8624,72524,132H_33_04_V102.jpg
8794,72539,13214_008794_03_A_2044.jpg
8794,72539,132H_29_02_V059.jpg
8862,78251,13214_008862_03_A_9067.jpg
8862,78251,132H_20_04_V151.jpg
8730,50888,13214_008730_03_A_9000.jpg
8730,50888,132H_ACC_03_V002.jpg
8730,50888,132H_31_03_V045.jpg
8793,78246,132H_27_01_V181.jpg
8793,78246,13214_008793_03_A_4010.jpg
8474,54597,132H_03_01_V088.jpg
8474,54597,13214_008474_03_A_8052.jpg
8606,61811,13214_008606_03_A_8076.jpg
8606,61811,132H_33_01_V049.jpg
8606,61811,132H_33_02_V072.jpg
8636,61813,132H_09_04_V072.jpg
8636,61813,132H_09_01_V024.jpg
8636,61813,13214_008636_03_A_1070.jpg
8420,54596,132H_24_01_V016.jpg
8420,54596,13214_008420_03_A_0008.jpg
8420,54596,132H_23_05_V002.jpg
8420,54596,132H_23_01_V029.jpg
8800,57609,132M_25_01_V118.jpg
8800,57609,"empty OriginalFilename tag"
8800,57609,"empty OriginalFilename tag"
8800,57609,"empty OriginalFilename tag"
8800,57609,132M_25_04_V010.jpg
8469,78245,13214_008469_03_A_8070.jpg
8469,78245,132H_BAG_01_V024.jpg
8463,61809,132H_03_01_V088.jpg
8463,61809,13214_008463_03_A_8002.jpg
8463,61808,13214_008463_03_A_7004.jpg
8463,61808,132H_24_04_V056.jpg
8405,78244,13214_008405_03_A_2196.jpg
8405,78244,132W_05_V053.jpg
8510,20625,13214_008510_03_A_4143.jpg
8510,20625,132H_23_03_V046.jpg
8801,54608,13214_008801_03_A_4038.jpg
8801,54608,132H_27_02_V097.jpg
8493,64892,132H_24_01_V016.jpg
8493,64892,13214_008493_03_A_5027.jpg
8767,72534,13214_008767_03_A_9052.jpg
8767,72534,132H_17_04_V095.jpg
8767,72534,132H_35_03_V082.jpg
4261,22119,BASIC_004261_02_A_8002_PSR.jpg
4261,22119,"empty OriginalFilename tag"
4261,22119,"empty OriginalFilename tag"
4261,22118,"empty OriginalFilename tag"
8863,75078,132B_ALT_15_V008.jpg
8863,75078,"empty OriginalFilename tag"
8863,75078,132M_15_01_V044.jpg
8863,75078,132M_16_02_V050.jpg
8863,75078,132P_02_01_V110.jpg
8863,75078,132P_02_03_V009.jpg
8863,75078,132P_11_01_V100.jpg
8863,75078,"empty OriginalFilename tag"
8863,75078,"empty OriginalFilename tag"
8863,75078,"empty OriginalFilename tag"
8863,75078,"empty OriginalFilename tag"
8863,75078,"empty OriginalFilename tag"
8863,75078,132H_06_02_V056.jpg
8863,75078,132P_06_02_V047.jpg
8863,75078,132H_09_04_V072.jpg
8863,75078,132H_10_01_V118.jpg
8863,75078,132H_17_02_V043.jpg
8863,75078,132H_04_01_V022.jpg
8863,75078,132H_04_02_V047.jpg
8863,75078,132H_19_03_V017.jpg
8863,75078,132H_19_02_V053.jpg
8863,75078,"empty OriginalFilename tag"
8863,75078,"empty OriginalFilename tag"
8863,75078,"empty OriginalFilename tag"
8863,75078,"empty OriginalFilename tag"
8863,75078,132H_19_01_V056.jpg
8863,75078,132H_05_01_V030.jpg
8863,75078,132H_ACC_04_V066.jpg
8863,75078,132H_29_01_V005.jpg
8863,75078,132H_32_02_V129.jpg
8863,75078,132H_12_04_V030.jpg
8863,75078,132H_12_02_V006.jpg
8863,75078,132H_28_01_V040.jpg
8863,75078,132H_27_02_V097.jpg
8863,75078,132M_06_02_V077.jpg
8863,75078,132M_06_01_V034.jpg
8863,75078,132M_16_01_V050.jpg
8863,75078,132M_07_01_V025.jpg
8863,75078,132M_07_02_V031.jpg
8863,75078,132M_07_03_V059.jpg
8863,75078,132M_09_01_V122.jpg
8863,75078,132M_09_02_V047.jpg
8863,75078,132M_08_04_V065.jpg
8863,75078,132M_08_03_V043.jpg
8863,75078,132M_08_01_V108.jpg
8863,75078,132M_11_01_V113.jpg
8863,75078,132M_11_02_V036.jpg
8863,75078,132M_13_01_V108.jpg
8863,75078,132M_22_04_V027.jpg
8863,75078,132M_22_01_V049.jpg
8863,75078,132M_24_04_V013.jpg
8863,75078,132B_ALT_10_V014.jpg
8863,75078,132M_OE_02_V050.jpg
8863,75078,132M_15_02_V126.jpg
8863,75078,132P_07_01_V028.jpg
8522,50887,13214_008522_03_A_8004.jpg
8522,50887,132H_06_01_V064.jpg
8821,78145,132H_02_01_V010.jpg
8821,78145,13214_008821_03_A_7107.jpg
8865,76675,132H_09_02_V037.jpg
8865,76675,132H_08_04_V130.jpg
8865,76675,132H_23_02_V069.jpg
8470,20624,13214_008470_03_A_1094.jpg
8470,20624,132H_ACC_01_V027.jpg
8470,20624,132H_22_02_V063.jpg
8470,20624,132H_22_01_V062.jpg
8458,51517,13214_008458_03_A_7107.jpg
8458,51517,132H_03_04_V088.jpg
8868,55641,"empty OriginalFilename tag"
8870,22601,13214_008870_03_A_8001.jpg
8870,22601,132W_05_V053.jpg
8870,22602,13214_008870_03_A_2008.jpg
8870,22602,132H_25_04_V081.jpg
8661,72527,13214_008661_03_A_8004.jpg
8661,72527,132H_17_02_V043.jpg
8871,76711,"empty OriginalFilename tag"
8871,76711,"empty OriginalFilename tag"
8871,76711,"empty OriginalFilename tag"
8871,76711,132H_10_04_V051_P.jpg
8871,76711,132H_04_02_V060.jpg
8726,00289,"empty OriginalFilename tag"
8731,14098,"empty OriginalFilename tag"
8731,14098,"empty OriginalFilename tag"
8782,00372,"empty OriginalFilename tag"
8791,12092,"empty OriginalFilename tag"
8788,14073,"empty OriginalFilename tag"
8751,01611,"empty OriginalFilename tag"
8790,66319,"empty OriginalFilename tag"
8804,57610,"empty OriginalFilename tag"
8804,57610,"empty OriginalFilename tag"
8804,57610,132H_19_02_V053.jpg
8804,57610,132H_19_01_V056.jpg
8805,76673,"empty OriginalFilename tag"
8874,41428,"empty OriginalFilename tag"
8874,41428,132H_07_03_V050.jpg
8874,41429,BASIC_008874_03_A_9000.jpg
8382,30528,13214_008382_03_A_8006.jpg
8382,30528,132H_36_01_V195.jpg
8382,30528,132H_15_01_V022.jpg
8382,30527,13214_008382_03_A_5018.jpg
8382,30527,132H_15_02_V177.jpg
8877,59417,"empty OriginalFilename tag"
8877,59417,132M_13_04_V037.jpg
8878,66322,132H_38_01_V048.jpg
8876,66320,132P_03_01_V071.jpg
8876,66321,"empty OriginalFilename tag"
8812,12477,"empty OriginalFilename tag"
8812,12481,"empty OriginalFilename tag"
8879,76828,132H_04_01_V022.jpg
8880,76605,132H_14_04_V069.jpg
8880,76605,"empty OriginalFilename tag"
8880,76605,"empty OriginalFilename tag"
8880,76605,"empty OriginalFilename tag"
8880,76605,"empty OriginalFilename tag"
8880,76605,132B_FOR_02_V435_300.jpg
8881,75080,132H_16_02_V002.jpg
8881,75080,"empty OriginalFilename tag"
8881,75080,132M_OE_05_V114.jpg
8881,75080,132M_18_05_V003.jpg
8882,32145,132H_36_01_V195.jpg
8882,32145,132H_15_01_V022.jpg
8882,32145,13214_008882_03_A_5142.jpg
8882,32145,13214_008882_03_B_5142.jpg
8882,32146,13214_008882_03_A_5142.jpg
8882,32146,13214_008882_03_B_5142.jpg
8884,32147,13214_008884_03_A_5142.jpg
8884,32147,132H_15_03_V011.jpg
8886,76719,132P_11_04_V011.jpg
8886,76719,13214_008886_09_A_8023.jpg
8886,76719,132H_18_02_V096.jpg
8886,76719,132H_ACC_03_V002.jpg
8886,76719,132H_12_04_V030.jpg
8886,76719,132H_13_03_V016.jpg
8886,76719,132H_BAG_01_V024.jpg
8886,76719,132M_11_03_V018.jpg
8886,76719,132M_24_02_V063.jpg
8886,76719,132M_OE_02_V050.jpg
8886,76719,132P_11_03_V029.jpg
8886,76719,132P_08_02_V006.jpg
8886,76719,132P_08_04_V043.jpg
8892,76722,132H_ACC_03_V002.jpg
8892,76722,132H_13_02_V018.jpg
8892,76722,13214_008892_09_A_9000.jpg
8952,76676,13212_008952_09_A_9000.jpg
8952,76676,132H_20_02_V044.jpg
9015,32148,132H_37_02_V044.jpg
9015,32148,132H_20_02_V044.jpg
9015,32148,13214_009015_03_A_3071.jpg
9015,32148,13214_009015_03_B_3071.jpg
9015,32149,13214_009015_03_A_3071.jpg
9015,32149,13214_009015_03_B_3071.jpg
9048,72542,13214_009048_03_A_8058.jpg
9048,72542,132H_29_01_V005.jpg
9070,76720,132P_06_01_V050.jpg
9070,76720,132H_05_02_V057.jpg
9070,76720,132H_16_03B_V_004.jpg
9070,76720,13212_009070_09_A_8009.jpg
9070,76720,132M_20_02_V014.jpg
9070,76720,132H_30_04_V122.jpg
9118,76678,132P_01_01_V102.jpg
9118,76678,132H_16_01_V097.jpg
9118,76678,132H_20_04_V151.jpg
9118,76678,132H_20_02_V044.jpg
9118,76678,132H_20_03_V003.jpg
9118,76678,13212_009118_09_A_3011.jpg
9118,76678,132M_23_05_V016.jpg
9118,76678,132M_23_01_V052.jpg
9118,76678,132M_OE_02_V050.jpg
9118,76678,132P_06_03_V023.jpg
9077,38467,13214_009077_03_A_9000.jpg
9077,38467,132H_06_04_V010.jpg
9142,76679,132H_27_03_V065.jpg
9142,76679,132H_21_01_V191.jpg
9142,76679,132M_09_01_V122.jpg
9142,76679,132M_08_04_V065.jpg
9142,76679,132M_13_01_V108.jpg
9142,76679,132M_12_01_V192.jpg
9142,76679,132M_30_01_V113.jpg
9142,76679,13212_009142_09_A_8009.jpg
9142,76679,132M_25_01_V118.jpg
9142,76679,132P_11_01_V100.jpg
9142,76679,132H_27_01_V181.jpg
9142,76679,132H_13_01_V072.jpg
9142,76679,132M_OE_08_V061.jpg
9142,76679,132M_28_01_V066.jpg
9142,76679,132P_11_02_V018.jpg
8772,75058,132M_25_04_V010.jpg
8772,75058,132M_24_01_V043.jpg
8772,75058,132P_03_01_V071.jpg
8772,75056,"empty OriginalFilename tag"
8772,75056,132H_16_01_V097.jpg
8772,75056,132H_05_02_V057.jpg
8772,75056,132H_29_01_V005.jpg
8772,75056,132H_29_03_V019.jpg
8772,75056,132H_13_01_V072.jpg
8772,75056,132H_27_03_V065.jpg
8772,75056,132H_BAG_01_V024.jpg
8772,75056,132M_23_01_V052.jpg
8772,75057,132M_14_01_V005.jpg
8772,75057,132M_20_02_V014.jpg
8772,75057,132M_25_03_V070.jpg
8772,75057,132M_24_04_V013.jpg
